Workbook
Name new: OFFSET(Data!$A$1,0,0,COUNTA(Data!$A:$A),COUNTA(Data!$1:$1))
Name Slicer_Date: #N/A
Name Slicer_Financial_Quarter: #N/A
Name Slicer_Month_Name: #N/A
Name Slicer_Year: #N/A

Sheet Sheet2
A3: Total Transactions
A4: 9467 | C4: =GETPIVOTDATA("Transaction Details",$A$3) -> 9467
A8: Total Amount
A9: 94759149 | C9: =GETPIVOTDATA("Amount",$A$8) -> 94759149
A13: Total Credit
A14: 66254757 | C14: =GETPIVOTDATA("Credit Amount",$A$13) -> 66254757
A17: Total Debit
A18: 28504392 | C18: =GETPIVOTDATA("Debit Amount",$A$17) -> 28504392
A21: Average Transaction
A22: 10009.417 | C22: =GETPIVOTDATA("Amount",$A$21) -> 10009.417
A25: Highest Transaction
A26: 66327 | C26: =GETPIVOTDATA("Amount",$A$25) -> 66327
A30: Lowest Transaction
A31: 29 | C31: =GETPIVOTDATA("Amount",$A$30) -> 29
A39: Row Labels | B39: Sum of Amount
A40: Jan | B40: 8533418
A41: Feb | B41: 7530553
A42: Mar | B42: 8625665
A43: Apr | B43: 7174493
A44: May | B44: 7388642
A45: Jun | B45: 6749837
A46: Jul | B46: 7119662
A47: Aug | B47: 8736833
A48: Sep | B48: 8429276
A49: Oct | B49: 8375647
A50: Nov | B50: 7979473
A51: Dec | B51: 8115650
A52: Grand Total | B52: 94759149
A62: Row Labels | B62: Sum of Amount
A63: Sunday | B63: 13340460
A64: Monday | B64: 13048724
A65: Tuesday | B65: 14256585
A66: Wednesday | B66: 12886014
A67: Thursday | B67: 14103616
A68: Friday | B68: 13830555
A69: Saturday | B69: 13293195
A70: Grand Total | B70: 94759149
A86: Row Labels | B86: Sum of Amount
A87: Credit | B87: 66254757
A88: Debit | B88: 28504392
A89: Grand Total | B89: 94759149
A112: Row Labels | B112: Sum of Amount
A113: Afternoon | B113: 38443876
A114: Evening | B114: 27473621
A115: Morning | B115: 18576910
A116: Night | B116: 10264742
A117: Grand Total | B117: 94759149
A132: Row Labels | B132: Sum of Amount
A133: 1 | B133: 2926806 | D133: =A133 -> 1
A134: 2 | B134: 2983329 | D134: =A134 -> 2
A135: 3 | B135: 3002451 | D135: =A135 -> 3
A136: 4 | B136: 2889020 | D136: =A136 -> 4
A137: 5 | B137: 3135342 | D137: =A137 -> 5
A138: 6 | B138: 2916581 | D138: =A138 -> 6
A139: 7 | B139: 2996693 | D139: =A139 -> 7
A140: 8 | B140: 2997325 | D140: =A140 -> 8
A141: 9 | B141: 2748185 | D141: =A141 -> 9
A142: 10 | B142: 3101742 | D142: =A142 -> 10
A143: 11 | B143: 3364344 | D143: =A143 -> 11
A144: 12 | B144: 2969647 | D144: =A144 -> 12
... A163: 31 | B163: 1854947 | D163: =A163 -> 31
A164: Grand Total | B164: 94759149
A182: Row Labels | B182: Sum of Amount
A183: Fuel | B183: 800489
A184: Shopping | B184: 1414823
A185: Recharge | B185: 3367118
A186: UPI Transfer | B186: 22921962
A187: Others | B187: 66254757
A188: Grand Total | B188: 94759149
A236: Sum of Amount | B236: Column Labels
A237: Row Labels | B237: 7 | C237: 8 | D237: 9 | E237: 10 | F237: 11 | G237: 12 | H237: 13 | I237: 14 | J237: 15 | K237: 16 | L237: 17 | M237: 18 | N237: 19 | O237: 20 | P237: 21 | Q237: 22 | R237: 23 | S237: Grand Total
A238: Sunday | B238: 312173 | C238: 356205 | D238: 358492 | E238: 499643 | F238: 893515 | G238: 973590 | H238: 1304047 | I238: 944866 | J238: 1407108 | K238: 1265942 | L238: 1133609 | M238: 861782 | N238: 970012 | O238: 632101 | P238: 682343 | Q238: 553462 | R238: 191570 | S238: 13340460
A239: Monday | B239: 270889 | C239: 429461 | D239: 472332 | E239: 439460 | F239: 955314 | G239: 1019480 | H239: 964907 | I239: 1369614 | J239: 1043700 | K239: 1372594 | L239: 951953 | M239: 781342 | N239: 825191 | O239: 628795 | P239: 784872 | Q239: 411520 | R239: 327300 | S239: 13048724
A240: Tuesday | B240: 219289 | C240: 282135 | D240: 447454 | E240: 813990 | F240: 1027655 | G240: 1064513 | H240: 1140000 | I240: 1158658 | J240: 946466 | K240: 1301567 | L240: 1293191 | M240: 1045816 | N240: 1008484 | O240: 893518 | P240: 593257 | Q240: 717347 | R240: 303245 | S240: 14256585
A241: Wednesday | B241: 344470 | C241: 415195 | D241: 323308 | E241: 604726 | F241: 982617 | G241: 1070722 | H241: 772767 | I241: 1027634 | J241: 982780 | K241: 1102057 | L241: 1153573 | M241: 1037682 | N241: 790926 | O241: 840031 | P241: 625998 | Q241: 484831 | R241: 326697 | S241: 12886014
A242: Thursday | B242: 313189 | C242: 339282 | D242: 358815 | E242: 724032 | F242: 1005817 | G242: 1036624 | H242: 1239062 | I242: 1152012 | J242: 1178188 | K242: 1229478 | L242: 1248508 | M242: 1140283 | N242: 887361 | O242: 954949 | P242: 656602 | Q242: 476806 | R242: 162608 | S242: 14103616
A243: Friday | B243: 401313 | C243: 416178 | D243: 464601 | E243: 533852 | F243: 943184 | G243: 1055241 | H243: 825658 | I243: 1094043 | J243: 1207433 | K243: 1088665 | L243: 1335438 | M243: 1149365 | N243: 1141218 | O243: 853464 | P243: 368039 | Q243: 617941 | R243: 334922 | S243: 13830555
A244: Saturday | B244: 322791 | C244: 295387 | D244: 460132 | E244: 831124 | F244: 718890 | G244: 904514 | H244: 1137212 | I244: 1049817 | J244: 1076560 | K244: 936357 | L244: 1139770 | M244: 1134139 | N244: 974714 | O244: 666406 | P244: 627139 | Q244: 578374 | R244: 439869 | S244: 13293195
A245: Grand Total | B245: 2184114 | C245: 2533843 | D245: 2885134 | E245: 4446827 | F245: 6526992 | G245: 7124684 | H245: 7383653 | I245: 7796644 | J245: 7842235 | K245: 8296660 | L245: 8256042 | M245: 7150409 | N245: 6597906 | O245: 5469264 | P245: 4338250 | Q245: 3840281 | R245: 2086211 | S245: 94759149
A253: Sum of Amount | B253: Column Labels
A254: Row Labels | B254: 7 | C254: 8 | D254: 9 | E254: 10 | F254: 11 | G254: 12 | H254: 13 | I254: 14 | J254: 15 | K254: 16 | L254: 17 | M254: 18 | N254: 19 | O254: 20 | P254: 21 | Q254: 22 | R254: 23 | S254: Grand Total | AH254: Day/Hr | AI254: =Sheet2!B237 -> 7 | AJ254: =Sheet2!C237 -> 8 | AK254: =Sheet2!D237 -> 9 | AL254: =Sheet2!E237 -> 10 | AM254: =Sheet2!F237 -> 11 | AN254: =Sheet2!G237 -> 12 | AO254: =Sheet2!H237 -> 13 | AP254: =Sheet2!I237 -> 14 | ... AY254: =Sheet2!R237 -> 23
A255: Sunday | B255: 312173 | C255: 356205 | D255: 358492 | E255: 499643 | F255: 893515 | G255: 973590 | H255: 1304047 | I255: 944866 | J255: 1407108 | K255: 1265942 | L255: 1133609 | M255: 861782 | N255: 970012 | O255: 632101 | P255: 682343 | Q255: 553462 | R255: 191570 | S255: 13340460 | AH255: =Sheet2!A238 -> Sunday | AI255: =GETPIVOTDATA("Amount",Sheet2!$A$236,"Day Name",AH255,"Hours",$AI$254) -> 312173 | AJ255: =GETPIVOTDATA("Amount",Sheet2!$A$236,"Day Name",AH255,"Hours",Sheet2!$C$237) -> 356205 | AK255: =GETPIVOTDATA("Amount",Sheet2!$A$236,"Day Name",AH255,"Hours",$AK$254) -> 358492 | AL255: =GETPIVOTDATA("Amount",Sheet2!$A$236,"Day Name",AH255,"Hours",$AL$254) -> 499643 | AM255: =GETPIVOTDATA("Amount",Sheet2!$A$236,"Day Name",AH255,"Hours",$AM$254) -> 893515 | AN255: =GETPIVOTDATA("Amount",Sheet2!$A$236,"Day Name",AH255,"Hours",$AN$254) -> 973590 | AO255: =GETPIVOTDATA("Amount",Sheet2!$A$236,"Day Name",AH255,"Hours",$AO$254) -> 1304047 | AP255: =GETPIVOTDATA("Amount",Sheet2!$A$236,"Day Name",AH255,"Hours",$AP$254) -> 944866 | AQ255: =GETPIVOTDATA("Amount",Sheet2!$A$236,"Day Name",AH255,"Hours",$AQ$254) -> 1407108 | AR255: =GETPIVOTDATA("Amount",Sheet2!$A$236,"Day Name",AH255,"Hours",$AR$254) -> 1265942 | AS255: =GETPIVOTDATA("Amount",Sheet2!$A$236,"Day Name",AH255,"Hours",$AS$254) -> 1133609 | AT255: =GETPIVOTDATA("Amount",Sheet2!$A$236,"Day Name",AH255,"Hours",$AT$254) -> 861782 | AU255: =GETPIVOTDATA("Amount",Sheet2!$A$236,"Day Name",AH255,"Hours",$AU$254) -> 970012 | AV255: =GETPIVOTDATA("Amount",Sheet2!$A$236,"Day Name",AH255,"Hours",$AV$254) -> 632101 | AW255: =GETPIVOTDATA("Amount",Sheet2!$A$236,"Day Name",AH255,"Hours",$AW$254) -> 682343 | AX255: =GETPIVOTDATA("Amount",Sheet2!$A$236,"Day Name",AH255,"Hours",$AX$254) -> 553462 | AY255: =GETPIVOTDATA("Amount",Sheet2!$A$236,"Day Name",AH255,"Hours",$AY$254) -> 191570
A256: Monday | B256: 270889 | C256: 429461 | D256: 472332 | E256: 439460 | F256: 955314 | G256: 1019480 | H256: 964907 | I256: 1369614 | J256: 1043700 | K256: 1372594 | L256: 951953 | M256: 781342 | N256: 825191 | O256: 628795 | P256: 784872 | Q256: 411520 | R256: 327300 | S256: 13048724 | AH256: =Sheet2!A239 -> Monday | AI256: =GETPIVOTDATA("Amount",Sheet2!$A$236,"Day Name",AH256,"Hours",$AI$254) -> 270889 | AJ256: =GETPIVOTDATA("Amount",Sheet2!$A$236,"Day Name",AH256,"Hours",Sheet2!$C$237) -> 429461 | AK256: =GETPIVOTDATA("Amount",Sheet2!$A$236,"Day Name",AH256,"Hours",$AK$254) -> 472332 | AL256: =GETPIVOTDATA("Amount",Sheet2!$A$236,"Day Name",AH256,"Hours",$AL$254) -> 439460 | AM256: =GETPIVOTDATA("Amount",Sheet2!$A$236,"Day Name",AH256,"Hours",$AM$254) -> 955314 | AN256: =GETPIVOTDATA("Amount",Sheet2!$A$236,"Day Name",AH256,"Hours",$AN$254) -> 1019480 | AO256: =GETPIVOTDATA("Amount",Sheet2!$A$236,"Day Name",AH256,"Hours",$AO$254) -> 964907 | AP256: =GETPIVOTDATA("Amount",Sheet2!$A$236,"Day Name",AH256,"Hours",$AP$254) -> 1369614 | AQ256: =GETPIVOTDATA("Amount",Sheet2!$A$236,"Day Name",AH256,"Hours",$AQ$254) -> 1043700 | AR256: =GETPIVOTDATA("Amount",Sheet2!$A$236,"Day Name",AH256,"Hours",$AR$254) -> 1372594 | AS256: =GETPIVOTDATA("Amount",Sheet2!$A$236,"Day Name",AH256,"Hours",$AS$254) -> 951953 | AT256: =GETPIVOTDATA("Amount",Sheet2!$A$236,"Day Name",AH256,"Hours",$AT$254) -> 781342 | AU256: =GETPIVOTDATA("Amount",Sheet2!$A$236,"Day Name",AH256,"Hours",$AU$254) -> 825191 | AV256: =GETPIVOTDATA("Amount",Sheet2!$A$236,"Day Name",AH256,"Hours",$AV$254) -> 628795 | AW256: =GETPIVOTDATA("Amount",Sheet2!$A$236,"Day Name",AH256,"Hours",$AW$254) -> 784872 | AX256: =GETPIVOTDATA("Amount",Sheet2!$A$236,"Day Name",AH256,"Hours",$AX$254) -> 411520 | AY256: =GETPIVOTDATA("Amount",Sheet2!$A$236,"Day Name",AH256,"Hours",$AY$254) -> 327300
A257: Tuesday | B257: 219289 | C257: 282135 | D257: 447454 | E257: 813990 | F257: 1027655 | G257: 1064513 | H257: 1140000 | I257: 1158658 | J257: 946466 | K257: 1301567 | L257: 1293191 | M257: 1045816 | N257: 1008484 | O257: 893518 | P257: 593257 | Q257: 717347 | R257: 303245 | S257: 14256585 | AH257: =Sheet2!A240 -> Tuesday | AI257: =GETPIVOTDATA("Amount",Sheet2!$A$236,"Day Name",AH257,"Hours",$AI$254) -> 219289 | AJ257: =GETPIVOTDATA("Amount",Sheet2!$A$236,"Day Name",AH257,"Hours",Sheet2!$C$237) -> 282135 | AK257: =GETPIVOTDATA("Amount",Sheet2!$A$236,"Day Name",AH257,"Hours",$AK$254) -> 447454 | AL257: =GETPIVOTDATA("Amount",Sheet2!$A$236,"Day Name",AH257,"Hours",$AL$254) -> 813990 | AM257: =GETPIVOTDATA("Amount",Sheet2!$A$236,"Day Name",AH257,"Hours",$AM$254) -> 1027655 | AN257: =GETPIVOTDATA("Amount",Sheet2!$A$236,"Day Name",AH257,"Hours",$AN$254) -> 1064513 | AO257: =GETPIVOTDATA("Amount",Sheet2!$A$236,"Day Name",AH257,"Hours",$AO$254) -> 1140000 | AP257: =GETPIVOTDATA("Amount",Sheet2!$A$236,"Day Name",AH257,"Hours",$AP$254) -> 1158658 | AQ257: =GETPIVOTDATA("Amount",Sheet2!$A$236,"Day Name",AH257,"Hours",$AQ$254) -> 946466 | AR257: =GETPIVOTDATA("Amount",Sheet2!$A$236,"Day Name",AH257,"Hours",$AR$254) -> 1301567 | AS257: =GETPIVOTDATA("Amount",Sheet2!$A$236,"Day Name",AH257,"Hours",$AS$254) -> 1293191 | AT257: =GETPIVOTDATA("Amount",Sheet2!$A$236,"Day Name",AH257,"Hours",$AT$254) -> 1045816 | AU257: =GETPIVOTDATA("Amount",Sheet2!$A$236,"Day Name",AH257,"Hours",$AU$254) -> 1008484 | AV257: =GETPIVOTDATA("Amount",Sheet2!$A$236,"Day Name",AH257,"Hours",$AV$254) -> 893518 | AW257: =GETPIVOTDATA("Amount",Sheet2!$A$236,"Day Name",AH257,"Hours",$AW$254) -> 593257 | AX257: =GETPIVOTDATA("Amount",Sheet2!$A$236,"Day Name",AH257,"Hours",$AX$254) -> 717347 | AY257: =GETPIVOTDATA("Amount",Sheet2!$A$236,"Day Name",AH257,"Hours",$AY$254) -> 303245
A258: Wednesday | B258: 344470 | C258: 415195 | D258: 323308 | E258: 604726 | F258: 982617 | G258: 1070722 | H258: 772767 | I258: 1027634 | J258: 982780 | K258: 1102057 | L258: 1153573 | M258: 1037682 | N258: 790926 | O258: 840031 | P258: 625998 | Q258: 484831 | R258: 326697 | S258: 12886014 | AH258: =Sheet2!A241 -> Wednesday | AI258: =GETPIVOTDATA("Amount",Sheet2!$A$236,"Day Name",AH258,"Hours",$AI$254) -> 344470 | AJ258: =GETPIVOTDATA("Amount",Sheet2!$A$236,"Day Name",AH258,"Hours",Sheet2!$C$237) -> 415195 | AK258: =GETPIVOTDATA("Amount",Sheet2!$A$236,"Day Name",AH258,"Hours",$AK$254) -> 323308 | AL258: =GETPIVOTDATA("Amount",Sheet2!$A$236,"Day Name",AH258,"Hours",$AL$254) -> 604726 | AM258: =GETPIVOTDATA("Amount",Sheet2!$A$236,"Day Name",AH258,"Hours",$AM$254) -> 982617 | AN258: =GETPIVOTDATA("Amount",Sheet2!$A$236,"Day Name",AH258,"Hours",$AN$254) -> 1070722 | AO258: =GETPIVOTDATA("Amount",Sheet2!$A$236,"Day Name",AH258,"Hours",$AO$254) -> 772767 | AP258: =GETPIVOTDATA("Amount",Sheet2!$A$236,"Day Name",AH258,"Hours",$AP$254) -> 1027634 | AQ258: =GETPIVOTDATA("Amount",Sheet2!$A$236,"Day Name",AH258,"Hours",$AQ$254) -> 982780 | AR258: =GETPIVOTDATA("Amount",Sheet2!$A$236,"Day Name",AH258,"Hours",$AR$254) -> 1102057 | AS258: =GETPIVOTDATA("Amount",Sheet2!$A$236,"Day Name",AH258,"Hours",$AS$254) -> 1153573 | AT258: =GETPIVOTDATA("Amount",Sheet2!$A$236,"Day Name",AH258,"Hours",$AT$254) -> 1037682 | AU258: =GETPIVOTDATA("Amount",Sheet2!$A$236,"Day Name",AH258,"Hours",$AU$254) -> 790926 | AV258: =GETPIVOTDATA("Amount",Sheet2!$A$236,"Day Name",AH258,"Hours",$AV$254) -> 840031 | AW258: =GETPIVOTDATA("Amount",Sheet2!$A$236,"Day Name",AH258,"Hours",$AW$254) -> 625998 | AX258: =GETPIVOTDATA("Amount",Sheet2!$A$236,"Day Name",AH258,"Hours",$AX$254) -> 484831 | AY258: =GETPIVOTDATA("Amount",Sheet2!$A$236,"Day Name",AH258,"Hours",$AY$254) -> 326697
A259: Thursday | B259: 313189 | C259: 339282 | D259: 358815 | E259: 724032 | F259: 1005817 | G259: 1036624 | H259: 1239062 | I259: 1152012 | J259: 1178188 | K259: 1229478 | L259: 1248508 | M259: 1140283 | N259: 887361 | O259: 954949 | P259: 656602 | Q259: 476806 | R259: 162608 | S259: 14103616 | AH259: =Sheet2!A242 -> Thursday | AI259: =GETPIVOTDATA("Amount",Sheet2!$A$236,"Day Name",AH259,"Hours",$AI$254) -> 313189 | AJ259: =GETPIVOTDATA("Amount",Sheet2!$A$236,"Day Name",AH259,"Hours",Sheet2!$C$237) -> 339282 | AK259: =GETPIVOTDATA("Amount",Sheet2!$A$236,"Day Name",AH259,"Hours",$AK$254) -> 358815 | AL259: =GETPIVOTDATA("Amount",Sheet2!$A$236,"Day Name",AH259,"Hours",$AL$254) -> 724032 | AM259: =GETPIVOTDATA("Amount",Sheet2!$A$236,"Day Name",AH259,"Hours",$AM$254) -> 1005817 | AN259: =GETPIVOTDATA("Amount",Sheet2!$A$236,"Day Name",AH259,"Hours",$AN$254) -> 1036624 | AO259: =GETPIVOTDATA("Amount",Sheet2!$A$236,"Day Name",AH259,"Hours",$AO$254) -> 1239062 | AP259: =GETPIVOTDATA("Amount",Sheet2!$A$236,"Day Name",AH259,"Hours",$AP$254) -> 1152012 | AQ259: =GETPIVOTDATA("Amount",Sheet2!$A$236,"Day Name",AH259,"Hours",$AQ$254) -> 1178188 | AR259: =GETPIVOTDATA("Amount",Sheet2!$A$236,"Day Name",AH259,"Hours",$AR$254) -> 1229478 | AS259: =GETPIVOTDATA("Amount",Sheet2!$A$236,"Day Name",AH259,"Hours",$AS$254) -> 1248508 | AT259: =GETPIVOTDATA("Amount",Sheet2!$A$236,"Day Name",AH259,"Hours",$AT$254) -> 1140283 | AU259: =GETPIVOTDATA("Amount",Sheet2!$A$236,"Day Name",AH259,"Hours",$AU$254) -> 887361 | AV259: =GETPIVOTDATA("Amount",Sheet2!$A$236,"Day Name",AH259,"Hours",$AV$254) -> 954949 | AW259: =GETPIVOTDATA("Amount",Sheet2!$A$236,"Day Name",AH259,"Hours",$AW$254) -> 656602 | AX259: =GETPIVOTDATA("Amount",Sheet2!$A$236,"Day Name",AH259,"Hours",$AX$254) -> 476806 | AY259: =GETPIVOTDATA("Amount",Sheet2!$A$236,"Day Name",AH259,"Hours",$AY$254) -> 162608
A260: Friday | B260: 401313 | C260: 416178 | D260: 464601 | E260: 533852 | F260: 943184 | G260: 1055241 | H260: 825658 | I260: 1094043 | J260: 1207433 | K260: 1088665 | L260: 1335438 | M260: 1149365 | N260: 1141218 | O260: 853464 | P260: 368039 | Q260: 617941 | R260: 334922 | S260: 13830555 | AH260: =Sheet2!A243 -> Friday | AI260: =GETPIVOTDATA("Amount",Sheet2!$A$236,"Day Name",AH260,"Hours",$AI$254) -> 401313 | AJ260: =GETPIVOTDATA("Amount",Sheet2!$A$236,"Day Name",AH260,"Hours",Sheet2!$C$237) -> 416178 | AK260: =GETPIVOTDATA("Amount",Sheet2!$A$236,"Day Name",AH260,"Hours",$AK$254) -> 464601 | AL260: =GETPIVOTDATA("Amount",Sheet2!$A$236,"Day Name",AH260,"Hours",$AL$254) -> 533852 | AM260: =GETPIVOTDATA("Amount",Sheet2!$A$236,"Day Name",AH260,"Hours",$AM$254) -> 943184 | AN260: =GETPIVOTDATA("Amount",Sheet2!$A$236,"Day Name",AH260,"Hours",$AN$254) -> 1055241 | AO260: =GETPIVOTDATA("Amount",Sheet2!$A$236,"Day Name",AH260,"Hours",$AO$254) -> 825658 | AP260: =GETPIVOTDATA("Amount",Sheet2!$A$236,"Day Name",AH260,"Hours",$AP$254) -> 1094043 | AQ260: =GETPIVOTDATA("Amount",Sheet2!$A$236,"Day Name",AH260,"Hours",$AQ$254) -> 1207433 | AR260: =GETPIVOTDATA("Amount",Sheet2!$A$236,"Day Name",AH260,"Hours",$AR$254) -> 1088665 | AS260: =GETPIVOTDATA("Amount",Sheet2!$A$236,"Day Name",AH260,"Hours",$AS$254) -> 1335438 | AT260: =GETPIVOTDATA("Amount",Sheet2!$A$236,"Day Name",AH260,"Hours",$AT$254) -> 1149365 | AU260: =GETPIVOTDATA("Amount",Sheet2!$A$236,"Day Name",AH260,"Hours",$AU$254) -> 1141218 | AV260: =GETPIVOTDATA("Amount",Sheet2!$A$236,"Day Name",AH260,"Hours",$AV$254) -> 853464 | AW260: =GETPIVOTDATA("Amount",Sheet2!$A$236,"Day Name",AH260,"Hours",$AW$254) -> 368039 | AX260: =GETPIVOTDATA("Amount",Sheet2!$A$236,"Day Name",AH260,"Hours",$AX$254) -> 617941 | AY260: =GETPIVOTDATA("Amount",Sheet2!$A$236,"Day Name",AH260,"Hours",$AY$254) -> 334922
A261: Saturday | B261: 322791 | C261: 295387 | D261: 460132 | E261: 831124 | F261: 718890 | G261: 904514 | H261: 1137212 | I261: 1049817 | J261: 1076560 | K261: 936357 | L261: 1139770 | M261: 1134139 | N261: 974714 | O261: 666406 | P261: 627139 | Q261: 578374 | R261: 439869 | S261: 13293195 | AH261: =Sheet2!A244 -> Saturday | AI261: =GETPIVOTDATA("Amount",Sheet2!$A$236,"Day Name",AH261,"Hours",$AI$254) -> 322791 | AJ261: =GETPIVOTDATA("Amount",Sheet2!$A$236,"Day Name",AH261,"Hours",Sheet2!$C$237) -> 295387 | AK261: =GETPIVOTDATA("Amount",Sheet2!$A$236,"Day Name",AH261,"Hours",$AK$254) -> 460132 | AL261: =GETPIVOTDATA("Amount",Sheet2!$A$236,"Day Name",AH261,"Hours",$AL$254) -> 831124 | AM261: =GETPIVOTDATA("Amount",Sheet2!$A$236,"Day Name",AH261,"Hours",$AM$254) -> 718890 | AN261: =GETPIVOTDATA("Amount",Sheet2!$A$236,"Day Name",AH261,"Hours",$AN$254) -> 904514 | AO261: =GETPIVOTDATA("Amount",Sheet2!$A$236,"Day Name",AH261,"Hours",$AO$254) -> 1137212 | AP261: =GETPIVOTDATA("Amount",Sheet2!$A$236,"Day Name",AH261,"Hours",$AP$254) -> 1049817 | AQ261: =GETPIVOTDATA("Amount",Sheet2!$A$236,"Day Name",AH261,"Hours",$AQ$254) -> 1076560 | AR261: =GETPIVOTDATA("Amount",Sheet2!$A$236,"Day Name",AH261,"Hours",$AR$254) -> 936357 | AS261: =GETPIVOTDATA("Amount",Sheet2!$A$236,"Day Name",AH261,"Hours",$AS$254) -> 1139770 | AT261: =GETPIVOTDATA("Amount",Sheet2!$A$236,"Day Name",AH261,"Hours",$AT$254) -> 1134139 | AU261: =GETPIVOTDATA("Amount",Sheet2!$A$236,"Day Name",AH261,"Hours",$AU$254) -> 974714 | AV261: =GETPIVOTDATA("Amount",Sheet2!$A$236,"Day Name",AH261,"Hours",$AV$254) -> 666406 | AW261: =GETPIVOTDATA("Amount",Sheet2!$A$236,"Day Name",AH261,"Hours",$AW$254) -> 627139 | AX261: =GETPIVOTDATA("Amount",Sheet2!$A$236,"Day Name",AH261,"Hours",$AX$254) -> 578374 | AY261: =GETPIVOTDATA("Amount",Sheet2!$A$236,"Day Name",AH261,"Hours",$AY$254) -> 439869
A262: Grand Total | B262: 2184114 | C262: 2533843 | D262: 2885134 | E262: 4446827 | F262: 6526992 | G262: 7124684 | H262: 7383653 | I262: 7796644 | J262: 7842235 | K262: 8296660 | L262: 8256042 | M262: 7150409 | N262: 6597906 | O262: 5469264 | P262: 4338250 | Q262: 3840281 | R262: 2086211 | S262: 94759149

Sheet Dashboard

Sheet Data
A1: Date | B1: Time | C1: Transaction Details | D1: Transaction ID | E1: UTR | F1: Transaction Type | G1: Credit/debit instrument | H1: Amount | I1: Year | J1: Month Name | K1: Month Number | L1: Day Name | M1: Week Number | N1: Credit Amount | O1: Debit Amount | P1: Day | Q1: Times | R1: Time Group | S1: Days | T1: Category | U1: Hours | V1: Financial Quarter
A2: 44049 | B2: 10:05 | C2: Received from Family Member - Kumar | D2: T200806100500708200694 | E2: 826954970456 | F2: Credit | G2: XXXXXX3700 | H2: 13008 | I2: =YEAR(A2) -> 2020 | J2: =TEXT(A2,"mmmm") -> August | K2: =MONTH(A2) -> 8 | L2: =TEXT(A2,"dddd") -> Thursday | M2: =WEEKNUM(A2) -> 32 | N2: =IF(F2="Credit",H2,0) -> 13008 | O2: =IF(F2="Debit",H2,0) -> 0 | P2: =TEXT(A2,"d-mmm") -> 6-Aug | Q2: =TIMEVALUE(TRIM(CLEAN(SUBSTITUTE(B2,CHAR(34),"")))) -> 0.42013889 | R2: =IF(HOUR(Q2)<12,"Morning",IF(HOUR(Q2)<17,"Afternoon",IF(HOUR(Q2)<21,"Evening","Night"))) -> Morning | S2: =DAY(A2) -> 6 | T2: =IF(ISNUMBER(SEARCH("Recharge",C2)),"Recharge",IF(ISNUMBER(SEARCH("Petrol",C2)),"Fuel",IF(ISNUMBER(SEARCH("Restaurant",C2)),"Food",IF(ISNUMBER(SEARCH("Amazon",C2)),"Shopping",IF(ISNUMBER(SEARCH("Salary",C2)),"Salary",IF(ISNUMBER(SEARCH("Paid to",C2)),"UPI Transfer","Others")))))) -> Others | U2: =HOUR(Q2) -> 10 | V2: ="FY Q"&INT(MOD(MONTH(A2)-4,12)/3)+1 -> FY Q2
A3: 44049 | B3: 23:30 | C3: Received from Customer - ABC Traders | D3: T200806233000597786006 | E3: 634429950087 | F3: Credit | G3: XXXXXXXXXX0662 | H3: 8599 | I3: =YEAR(A3) -> 2020 | J3: =TEXT(A3,"mmmm") -> August | K3: =MONTH(A3) -> 8 | L3: =TEXT(A3,"dddd") -> Thursday | M3: =WEEKNUM(A3) -> 32 | N3: =IF(F3="Credit",H3,0) -> 8599 | O3: =IF(F3="Debit",H3,0) -> 0 | P3: =TEXT(A3,"d-mmm") -> 6-Aug | Q3: =TIMEVALUE(TRIM(CLEAN(SUBSTITUTE(B3,CHAR(34),"")))) -> 0.97916667 | R3: =IF(HOUR(Q3)<12,"Morning",IF(HOUR(Q3)<17,"Afternoon",IF(HOUR(Q3)<21,"Evening","Night"))) -> Night | S3: =DAY(A3) -> 6 | T3: =IF(ISNUMBER(SEARCH("Recharge",C3)),"Recharge",IF(ISNUMBER(SEARCH("Petrol",C3)),"Fuel",IF(ISNUMBER(SEARCH("Restaurant",C3)),"Food",IF(ISNUMBER(SEARCH("Amazon",C3)),"Shopping",IF(ISNUMBER(SEARCH("Salary",C3)),"Salary",IF(ISNUMBER(SEARCH("Paid to",C3)),"UPI Transfer","Others")))))) -> Others | U3: =HOUR(Q3) -> 23 | V3: ="FY Q"&INT(MOD(MONTH(A3)-4,12)/3)+1 -> FY Q2
A4: 44050 | B4: 11:30 | C4: Received from Customer - Sri Lakshmi Stores | D4: T200807113000864260112 | E4: 720437573492 | F4: Credit | G4: XXXXXX3700 | H4: 7846 | I4: =YEAR(A4) -> 2020 | J4: =TEXT(A4,"mmmm") -> August | K4: =MONTH(A4) -> 8 | L4: =TEXT(A4,"dddd") -> Friday | M4: =WEEKNUM(A4) -> 32 | N4: =IF(F4="Credit",H4,0) -> 7846 | O4: =IF(F4="Debit",H4,0) -> 0 | P4: =TEXT(A4,"d-mmm") -> 7-Aug | Q4: =TIMEVALUE(TRIM(CLEAN(SUBSTITUTE(B4,CHAR(34),"")))) -> 0.47916667 | R4: =IF(HOUR(Q4)<12,"Morning",IF(HOUR(Q4)<17,"Afternoon",IF(HOUR(Q4)<21,"Evening","Night"))) -> Morning | S4: =DAY(A4) -> 7 | T4: =IF(ISNUMBER(SEARCH("Recharge",C4)),"Recharge",IF(ISNUMBER(SEARCH("Petrol",C4)),"Fuel",IF(ISNUMBER(SEARCH("Restaurant",C4)),"Food",IF(ISNUMBER(SEARCH("Amazon",C4)),"Shopping",IF(ISNUMBER(SEARCH("Salary",C4)),"Salary",IF(ISNUMBER(SEARCH("Paid to",C4)),"UPI Transfer","Others")))))) -> Others | U4: =HOUR(Q4) -> 11 | V4: ="FY Q"&INT(MOD(MONTH(A4)-4,12)/3)+1 -> FY Q2
A5: 44050 | B5: 11:53 | C5: Received from Customer - Ramesh & Co | D5: T200807115300734061671 | E5: 307022960270 | F5: Credit | G5: XXXXXXXXXX0662 | H5: 7985 | I5: =YEAR(A5) -> 2020 | J5: =TEXT(A5,"mmmm") -> August | K5: =MONTH(A5) -> 8 | L5: =TEXT(A5,"dddd") -> Friday | M5: =WEEKNUM(A5) -> 32 | N5: =IF(F5="Credit",H5,0) -> 7985 | O5: =IF(F5="Debit",H5,0) -> 0 | P5: =TEXT(A5,"d-mmm") -> 7-Aug | Q5: =TIMEVALUE(TRIM(CLEAN(SUBSTITUTE(B5,CHAR(34),"")))) -> 0.49513889 | R5: =IF(HOUR(Q5)<12,"Morning",IF(HOUR(Q5)<17,"Afternoon",IF(HOUR(Q5)<21,"Evening","Night"))) -> Morning | S5: =DAY(A5) -> 7 | T5: =IF(ISNUMBER(SEARCH("Recharge",C5)),"Recharge",IF(ISNUMBER(SEARCH("Petrol",C5)),"Fuel",IF(ISNUMBER(SEARCH("Restaurant",C5)),"Food",IF(ISNUMBER(SEARCH("Amazon",C5)),"Shopping",IF(ISNUMBER(SEARCH("Salary",C5)),"Salary",IF(ISNUMBER(SEARCH("Paid to",C5)),"UPI Transfer","Others")))))) -> Others | U5: =HOUR(Q5) -> 11 | V5: ="FY Q"&INT(MOD(MONTH(A5)-4,12)/3)+1 -> FY Q2
A6: 44050 | B6: 12:42 | C6: Received from Local Customer | D6: T200807124200533217078 | E6: 768666203983 | F6: Credit | G6: XXXXXX3700 | H6: 14958 | I6: =YEAR(A6) -> 2020 | J6: =TEXT(A6,"mmmm") -> August | K6: =MONTH(A6) -> 8 | L6: =TEXT(A6,"dddd") -> Friday | M6: =WEEKNUM(A6) -> 32 | N6: =IF(F6="Credit",H6,0) -> 14958 | O6: =IF(F6="Debit",H6,0) -> 0 | P6: =TEXT(A6,"d-mmm") -> 7-Aug | Q6: =TIMEVALUE(TRIM(CLEAN(SUBSTITUTE(B6,CHAR(34),"")))) -> 0.52916667 | R6: =IF(HOUR(Q6)<12,"Morning",IF(HOUR(Q6)<17,"Afternoon",IF(HOUR(Q6)<21,"Evening","Night"))) -> Afternoon | S6: =DAY(A6) -> 7 | T6: =IF(ISNUMBER(SEARCH("Recharge",C6)),"Recharge",IF(ISNUMBER(SEARCH("Petrol",C6)),"Fuel",IF(ISNUMBER(SEARCH("Restaurant",C6)),"Food",IF(ISNUMBER(SEARCH("Amazon",C6)),"Shopping",IF(ISNUMBER(SEARCH("Salary",C6)),"Salary",IF(ISNUMBER(SEARCH("Paid to",C6)),"UPI Transfer","Others")))))) -> Others | U6: =HOUR(Q6) -> 12 | V6: ="FY Q"&INT(MOD(MONTH(A6)-4,12)/3)+1 -> FY Q2
A7: 44050 | B7: 23:43 | C7: Received from Family Member - Priya | D7: T200807234300753366478 | E7: 204215168097 | F7: Credit | G7: XXXXXX3700 | H7: 3486 | I7: =YEAR(A7) -> 2020 | J7: =TEXT(A7,"mmmm") -> August | K7: =MONTH(A7) -> 8 | L7: =TEXT(A7,"dddd") -> Friday | M7: =WEEKNUM(A7) -> 32 | N7: =IF(F7="Credit",H7,0) -> 3486 | O7: =IF(F7="Debit",H7,0) -> 0 | P7: =TEXT(A7,"d-mmm") -> 7-Aug | Q7: =TIMEVALUE(TRIM(CLEAN(SUBSTITUTE(B7,CHAR(34),"")))) -> 0.98819444 | R7: =IF(HOUR(Q7)<12,"Morning",IF(HOUR(Q7)<17,"Afternoon",IF(HOUR(Q7)<21,"Evening","Night"))) -> Night | S7: =DAY(A7) -> 7 | T7: =IF(ISNUMBER(SEARCH("Recharge",C7)),"Recharge",IF(ISNUMBER(SEARCH("Petrol",C7)),"Fuel",IF(ISNUMBER(SEARCH("Restaurant",C7)),"Food",IF(ISNUMBER(SEARCH("Amazon",C7)),"Shopping",IF(ISNUMBER(SEARCH("Salary",C7)),"Salary",IF(ISNUMBER(SEARCH("Paid to",C7)),"UPI Transfer","Others")))))) -> Others | U7: =HOUR(Q7) -> 23 | V7: ="FY Q"&INT(MOD(MONTH(A7)-4,12)/3)+1 -> FY Q2
A8: 44051 | B8: 11:50 | C8: Received from Customer - Anand Stores | D8: T200808115000108910348 | E8: 380079257052 | F8: Credit | G8: XXXXXX3700 | H8: 9452 | I8: =YEAR(A8) -> 2020 | J8: =TEXT(A8,"mmmm") -> August | K8: =MONTH(A8) -> 8 | L8: =TEXT(A8,"dddd") -> Saturday | M8: =WEEKNUM(A8) -> 32 | N8: =IF(F8="Credit",H8,0) -> 9452 | O8: =IF(F8="Debit",H8,0) -> 0 | P8: =TEXT(A8,"d-mmm") -> 8-Aug | Q8: =TIMEVALUE(TRIM(CLEAN(SUBSTITUTE(B8,CHAR(34),"")))) -> 0.49305556 | R8: =IF(HOUR(Q8)<12,"Morning",IF(HOUR(Q8)<17,"Afternoon",IF(HOUR(Q8)<21,"Evening","Night"))) -> Morning | S8: =DAY(A8) -> 8 | T8: =IF(ISNUMBER(SEARCH("Recharge",C8)),"Recharge",IF(ISNUMBER(SEARCH("Petrol",C8)),"Fuel",IF(ISNUMBER(SEARCH("Restaurant",C8)),"Food",IF(ISNUMBER(SEARCH("Amazon",C8)),"Shopping",IF(ISNUMBER(SEARCH("Salary",C8)),"Salary",IF(ISNUMBER(SEARCH("Paid to",C8)),"UPI Transfer","Others")))))) -> Others | U8: =HOUR(Q8) -> 11 | V8: ="FY Q"&INT(MOD(MONTH(A8)-4,12)/3)+1 -> FY Q2
A9: 44051 | B9: 17:36 | C9: Received from Family Member - Kumar | D9: T200808173600901157611 | E9: 972741244716 | F9: Credit | G9: XXXXXX3700 | H9: 8788 | I9: =YEAR(A9) -> 2020 | J9: =TEXT(A9,"mmmm") -> August | K9: =MONTH(A9) -> 8 | L9: =TEXT(A9,"dddd") -> Saturday | M9: =WEEKNUM(A9) -> 32 | N9: =IF(F9="Credit",H9,0) -> 8788 | O9: =IF(F9="Debit",H9,0) -> 0 | P9: =TEXT(A9,"d-mmm") -> 8-Aug | Q9: =TIMEVALUE(TRIM(CLEAN(SUBSTITUTE(B9,CHAR(34),"")))) -> 0.73333333 | R9: =IF(HOUR(Q9)<12,"Morning",IF(HOUR(Q9)<17,"Afternoon",IF(HOUR(Q9)<21,"Evening","Night"))) -> Evening | S9: =DAY(A9) -> 8 | T9: =IF(ISNUMBER(SEARCH("Recharge",C9)),"Recharge",IF(ISNUMBER(SEARCH("Petrol",C9)),"Fuel",IF(ISNUMBER(SEARCH("Restaurant",C9)),"Food",IF(ISNUMBER(SEARCH("Amazon",C9)),"Shopping",IF(ISNUMBER(SEARCH("Salary",C9)),"Salary",IF(ISNUMBER(SEARCH("Paid to",C9)),"UPI Transfer","Others")))))) -> Others | U9: =HOUR(Q9) -> 17 | V9: ="FY Q"&INT(MOD(MONTH(A9)-4,12)/3)+1 -> FY Q2
A10: 44051 | B10: 18:26 | C10: Received from Customer - Ramesh & Co | D10: T200808182600305991849 | E10: 980080391266 | F10: Credit | G10: XXXXXX3700 | H10: 1856 | I10: =YEAR(A10) -> 2020 | J10: =TEXT(A10,"mmmm") -> August | K10: =MONTH(A10) -> 8 | L10: =TEXT(A10,"dddd") -> Saturday | M10: =WEEKNUM(A10) -> 32 | N10: =IF(F10="Credit",H10,0) -> 1856 | O10: =IF(F10="Debit",H10,0) -> 0 | P10: =TEXT(A10,"d-mmm") -> 8-Aug | Q10: =TIMEVALUE(TRIM(CLEAN(SUBSTITUTE(B10,CHAR(34),"")))) -> 0.76805556 | R10: =IF(HOUR(Q10)<12,"Morning",IF(HOUR(Q10)<17,"Afternoon",IF(HOUR(Q10)<21,"Evening","Night"))) -> Evening | S10: =DAY(A10) -> 8 | T10: =IF(ISNUMBER(SEARCH("Recharge",C10)),"Recharge",IF(ISNUMBER(SEARCH("Petrol",C10)),"Fuel",IF(ISNUMBER(SEARCH("Restaurant",C10)),"Food",IF(ISNUMBER(SEARCH("Amazon",C10)),"Shopping",IF(ISNUMBER(SEARCH("Salary",C10)),"Salary",IF(ISNUMBER(SEARCH("Paid to",C10)),"UPI Transfer","Others")))))) -> Others | U10: =HOUR(Q10) -> 18 | V10: ="FY Q"&INT(MOD(MONTH(A10)-4,12)/3)+1 -> FY Q2
A11: 44051 | B11: 18:38 | C11: Paid to Other Merchant | D11: P200808183800771988680 | E11: 979650462626 | F11: Debit | G11: XXXXXX3700 | H11: 53361 | I11: =YEAR(A11) -> 2020 | J11: =TEXT(A11,"mmmm") -> August | K11: =MONTH(A11) -> 8 | L11: =TEXT(A11,"dddd") -> Saturday | M11: =WEEKNUM(A11) -> 32 | N11: =IF(F11="Credit",H11,0) -> 0 | O11: =IF(F11="Debit",H11,0) -> 53361 | P11: =TEXT(A11,"d-mmm") -> 8-Aug | Q11: =TIMEVALUE(TRIM(CLEAN(SUBSTITUTE(B11,CHAR(34),"")))) -> 0.77638889 | R11: =IF(HOUR(Q11)<12,"Morning",IF(HOUR(Q11)<17,"Afternoon",IF(HOUR(Q11)<21,"Evening","Night"))) -> Evening | S11: =DAY(A11) -> 8 | T11: =IF(ISNUMBER(SEARCH("Recharge",C11)),"Recharge",IF(ISNUMBER(SEARCH("Petrol",C11)),"Fuel",IF(ISNUMBER(SEARCH("Restaurant",C11)),"Food",IF(ISNUMBER(SEARCH("Amazon",C11)),"Shopping",IF(ISNUMBER(SEARCH("Salary",C11)),"Salary",IF(ISNUMBER(SEARCH("Paid to",C11)),"UPI Transfer","Others")))))) -> UPI Transfer | U11: =HOUR(Q11) -> 18 | V11: ="FY Q"&INT(MOD(MONTH(A11)-4,12)/3)+1 -> FY Q2
A12: 44051 | B12: 18:42 | C12: Received from Other UPI User | D12: T200808184200688585392 | E12: 78722594834 | F12: Credit | G12: XXXXXXXXXX0662 | H12: 9961 | I12: =YEAR(A12) -> 2020 | J12: =TEXT(A12,"mmmm") -> August | K12: =MONTH(A12) -> 8 | L12: =TEXT(A12,"dddd") -> Saturday | M12: =WEEKNUM(A12) -> 32 | N12: =IF(F12="Credit",H12,0) -> 9961 | O12: =IF(F12="Debit",H12,0) -> 0 | P12: =TEXT(A12,"d-mmm") -> 8-Aug | Q12: =TIMEVALUE(TRIM(CLEAN(SUBSTITUTE(B12,CHAR(34),"")))) -> 0.77916667 | R12: =IF(HOUR(Q12)<12,"Morning",IF(HOUR(Q12)<17,"Afternoon",IF(HOUR(Q12)<21,"Evening","Night"))) -> Evening | S12: =DAY(A12) -> 8 | T12: =IF(ISNUMBER(SEARCH("Recharge",C12)),"Recharge",IF(ISNUMBER(SEARCH("Petrol",C12)),"Fuel",IF(ISNUMBER(SEARCH("Restaurant",C12)),"Food",IF(ISNUMBER(SEARCH("Amazon",C12)),"Shopping",IF(ISNUMBER(SEARCH("Salary",C12)),"Salary",IF(ISNUMBER(SEARCH("Paid to",C12)),"UPI Transfer","Others")))))) -> Others | U12: =HOUR(Q12) -> 18 | V12: ="FY Q"&INT(MOD(MONTH(A12)-4,12)/3)+1 -> FY Q2
A13: 44051 | B13: 19:14 | C13: Paid to Bakery & Snacks | D13: P200808191400877644907 | E13: 703317848320 | F13: Debit | G13: XXXXXXXXXX0662 | H13: 3949 | I13: =YEAR(A13) -> 2020 | J13: =TEXT(A13,"mmmm") -> August | K13: =MONTH(A13) -> 8 | L13: =TEXT(A13,"dddd") -> Saturday | M13: =WEEKNUM(A13) -> 32 | N13: =IF(F13="Credit",H13,0) -> 0 | O13: =IF(F13="Debit",H13,0) -> 3949 | P13: =TEXT(A13,"d-mmm") -> 8-Aug | Q13: =TIMEVALUE(TRIM(CLEAN(SUBSTITUTE(B13,CHAR(34),"")))) -> 0.80138889 | R13: =IF(HOUR(Q13)<12,"Morning",IF(HOUR(Q13)<17,"Afternoon",IF(HOUR(Q13)<21,"Evening","Night"))) -> Evening | S13: =DAY(A13) -> 8 | T13: =IF(ISNUMBER(SEARCH("Recharge",C13)),"Recharge",IF(ISNUMBER(SEARCH("Petrol",C13)),"Fuel",IF(ISNUMBER(SEARCH("Restaurant",C13)),"Food",IF(ISNUMBER(SEARCH("Amazon",C13)),"Shopping",IF(ISNUMBER(SEARCH("Salary",C13)),"Salary",IF(ISNUMBER(SEARCH("Paid to",C13)),"UPI Transfer","Others")))))) -> UPI Transfer | U13: =HOUR(Q13) -> 19 | V13: ="FY Q"&INT(MOD(MONTH(A13)-4,12)/3)+1 -> FY Q2
... A9468: 46112 | B9468: 22:05 | C9468: Received from Customer - Ravi Enterprises | D9468: T260331220500231587031 | E9468: 751804892827 | F9468: Credit | G9468: XXXXXX3700 | H9468: 17761 | I9468: =YEAR(A9468) -> 2026 | J9468: =TEXT(A9468,"mmmm") -> March | K9468: =MONTH(A9468) -> 3 | L9468: =TEXT(A9468,"dddd") -> Tuesday | M9468: =WEEKNUM(A9468) -> 14 | N9468: =IF(F9468="Credit",H9468,0) -> 17761 | O9468: =IF(F9468="Debit",H9468,0) -> 0 | P9468: =TEXT(A9468,"d-mmm") -> 31-Mar | Q9468: =TIMEVALUE(TRIM(CLEAN(SUBSTITUTE(B9468,CHAR(34),"")))) -> 0.92013889 | R9468: =IF(HOUR(Q9468)<12,"Morning",IF(HOUR(Q9468)<17,"Afternoon",IF(HOUR(Q9468)<21,"Evening","Night"))) -> Night | S9468: =DAY(A9468) -> 31 | T9468: =IF(ISNUMBER(SEARCH("Recharge",C9468)),"Recharge",IF(ISNUMBER(SEARCH("Petrol",C9468)),"Fuel",IF(ISNUMBER(SEARCH("Restaurant",C9468)),"Food",IF(ISNUMBER(SEARCH("Amazon",C9468)),"Shopping",IF(ISNUMBER(SEARCH("Salary",C9468)),"Salary",IF(ISNUMBER(SEARCH("Paid to",C9468)),"UPI Transfer","Others")))))) -> Others | U9468: =HOUR(Q9468) -> 22 | V9468: ="FY Q"&INT(MOD(MONTH(A9468)-4,12)/3)+1 -> FY Q4
